pass_order,module,status,models,migrations,controllers,routes,views,signals,tests,notes
1,base_territory,todo,,,,,,,,
2,fieldservice,todo,,,,,,,,
3,fieldservice_account,todo,,,,,,,,
4,fieldservice_activity,todo,,,,,,,,
5,fieldservice_agreement,todo,,,,,,,,
6,fieldservice_availability,todo,,,,,,,,
7,fieldservice_calendar,todo,,,,,,,,
8,fieldservice_crm,todo,,,,,,,,
9,fieldservice_equipment_stock,todo,,,,,,,,
10,fieldservice_equipment_warranty,todo,,,,,,,,
11,fieldservice_kanban_info,todo,,,,,,,,
12,fieldservice_portal,todo,,,,,,,,
13,fieldservice_project,todo,,,,,,,,
14,fieldservice_recurring,todo,,,,,,,,
15,fieldservice_repair,todo,,,,,,,,
16,fieldservice_repair_order_template,todo,,,,,,,,
17,fieldservice_route,todo,,,,,,,,
18,fieldservice_route_availability,todo,,,,,,,,
19,fieldservice_sale,todo,,,,,,,,
20,fieldservice_sale_agreement,todo,,,,,,,,
21,fieldservice_sale_agreement_equipment_stock,todo,,,,,,,,
22,fieldservice_sale_recurring,todo,,,,,,,,
23,fieldservice_sale_recurring_agreement,todo,,,,,,,,
24,fieldservice_sale_stock,todo,,,,,,,,
25,fieldservice_size,todo,,,,,,,,
26,fieldservice_skill,todo,,,,,,,,
27,fieldservice_stage_server_action,todo,,,,,,,,
28,fieldservice_stock,todo,,,,,,,,
29,fieldservice_timesheet,todo,,,,,,,,
30,fieldservice_vehicle,todo,,,,,,,,
